D11GemeenteStraat;JAAR bevraging;Storyfragment (Vertel iets over je straat?);TitelVerhaal;M1_Raad je het aan om in jouw straat te komen wonen?;M2_ThemaInVerhaal?_De infrastructuur / inrichting van de straat;M2Thema_De verkeerssituatie;M2Thema_De sociale contacten en activiteiten;M2Thema_Het (on)veiligheidsgevoel;M2Thema_Omgevingsfactoren door mensen;M2Thema_Omgevingsfactoren door klimaat;M2Thema_De bereikbaarheid van voorzieningen;M3_Wat is het gevoel over jouw straat?;D9_Hoeveel invloed heb jij om de leefbaarheid in je straat te beinvloeden? (schaal 0 tot 1);10. Hoe lang wil je in de straat wonen?_Clustered;L1_ScoreLeefbaarheid_ThemaInrichtingvan de straat;L1_ScoreLeefbaarheid_Sociaal;L1_ScoreLeefbaarheid_Omgevingsfactoren;L1_ScoreLeefbaarheid_Verkeersaspecten;16. Geslacht;17. Leeftijd;ModalSplitKLasse van de straat (niet gemotoriseerd verkeer/gemotoriseerde voertuigen);
's-Herenstraat /  Borgerhout;2020;Onze straat is vrij rustig, zeker het stuk waar wij wonen. Er zijn vooral veel fietsers en voetgangers. Autoâ€™s mogen maar in een richting door in ons stuk. De straat is ook grotendeels vernieuwd, alles ziet er veel netter uit en er is ook meer groen nu. Er zijn bakkers, slagers, groente en viswinkels vlakbij. Onze wijk voelt aan als een dorp, hoewel het op 10 minuten van het centrum van de stad ligt. Er zijn wel nog te veel parkeerplaatsen naar mijn zin. De straat is niet breed en de autoâ€™s nemen plaats in waar groen zou kunnen staan en verpesten het uitzicht.;Dorp in de stad;Ik raad het eerder aan om in deze straat te komen wonen;De infrastructuur / inrichting van de straat;;;;;;De bereikbaarheid van voorzieningen (school, winkels, recreatie, â€¦);Positief;0,6504425;Niet verhuizen;0,8;0,77;0,6;0,74;Man;25 tot 39 jaar;75/25;
's-Herenstraat /  Borgerhout;2021;Onze straat is rustig, maar ligt in een levendige volkse buurt en vlak bij het centrum van Antwerpen (10-15 min met de fiets.) De straat is een jaar geleden heraangelegd met meer groen en bomen en je ziet al dat de bewoners daardoor ook hun gevels gaan vergroenen.;Rustige straat in een volkse buurt;Ik raad het heel erg aan om in deze straat te komen wonen;De infrastructuur / inrichting van de straat;;;;;;De bereikbaarheid van voorzieningen (school, winkels, recreatie, â€¦);Positief;0,44;Niet verhuizen;0,656;0,778;0,662;0,742;Man;25 tot 39 jaar;0/100;
's-Herenstraat /  Borgerhout;2022;Rustige straat in rustige wijk. Midden tussen twee verkeersassen (plantin moretuslei en turnhoutse baan). Vele kleine pleintjes in de buurt.  Alles vlakbij.  Goede mix van culturen. ;Rust;Ik raad het eerder aan om in deze straat te komen wonen;De infrastructuur / inrichting van de straat;;;;;;De bereikbaarheid van voorzieningen (school, winkels, recreatie, â€¦);Positief;0,72;Niet verhuizen;0,734;0,6;0,528;0,674;Vrouw;25 tot 39 jaar;0/100;
Aarschotsesteenweg /  Wilsele;2020;Wonen aan en drukke steenweg heeft op zich niet direct voordelen.  Drukte, geluidsoverlast, geen veilige speelplek voor kinderen,...  Maar wij waren dol op het huis dat we hier konden kopen, met een vrij grote, aanname tuin.  Dat compenseert voor een flink stuk de nadelen van de ligging aan een de drukke weg.  ;Wone aan een drukke steenweg.;Ik raad het eerder af om in deze straat te komen wonen;;De verkeerssituatie;;;Omgevingsfactoren door mensen veroorzaakt (geluid, geur, afval, â€¦);;;Geen uitgesproken gevoel;0,64;Niet verhuizen;0,458;0,432;0,564;0,55;Man;40 tot 64 jaar;100/0;
Aarschotsesteenweg /  Wilsele;2021;Onze straat heeft het voordeel dat ze makkelijke verkeersverbindingen heeft met de stad Leuven maar ook met alle vlot bereikbare voorzieningen.  Het belangrijkste nadeel is de grote verkeersdruk, vooral sinds onze straat ook alle vrachtverkeer van de Vaartzone extra te verwerken krijgt.  Dit heeft impact op de verkeersveiligheid in onze straat.;Goede verbindingen maar zeer druk en ook gevaarlijk.;Ik raad het eerder af om in deze straat te komen wonen;;De verkeerssituatie;;;;;De bereikbaarheid van voorzieningen (school, winkels, recreatie, â€¦);Negatief;0,12;Geen mening;0,058;0,306;0,314;0,274;Man;40 tot 64 jaar;100/0;
Aarschotsesteenweg /  Wilsele;2022;Veel voorzieningen op wandelafstand (school, winkels,...).  Centrum Leuven makkelijk bereikbaar met bus en fiets.  Deelwagens en publiek laadpunt om de hoek en oprit snelweg op 500m.  Voor jonge kinderen is wonen langs een gewestweg minder evident.;Gewestweg in de periferie van een centrumstad;Ik heb geen uitgesproken mening;;;;;;;De bereikbaarheid van voorzieningen (school, winkels, recreatie, â€¦);Negatief;0,3;Niet verhuizen;0,734;0,6;0,528;0,674;Man;40 tot 64 jaar;100/0;
Aartrijkestraat /  Torhout;2020;Leuke straat, alles dichtbij, fietsers en voetgangers zouden wat meer ruimte mogen krijgen;Leuk en druk;Ik raad het heel erg aan om in deze straat te komen wonen;;De verkeerssituatie;;;;;De bereikbaarheid van voorzieningen (school, winkels, recreatie, â€¦);Positief;0,56;Niet verhuizen;0,524;0,674;0,724;0,358;Vrouw;40 tot 64 jaar;75/25;
Aartrijkestraat /  Torhout;2021;Dicht bij centrum, winkels en scholen vlakbij, maar druk op de spitsuren;Druk;Ik raad het eerder aan om in deze straat te komen wonen;;De verkeerssituatie;;;;;De bereikbaarheid van voorzieningen (school, winkels, recreatie, â€¦);Gemengd gevoel;0,59;Niet verhuizen;0,664;0,524;0,626;0,382;Vrouw;40 tot 64 jaar;75/25;
Aartrijkestraat /  Torhout;2022;Te snel rijdende voertuigen. Rijden sneller dan de toegestane 50km/u. Geen degelijk voetpad. ;Onveilig;Ik raad het eerder af om in deze straat te komen wonen;De infrastructuur / inrichting van de straat (stoep, bomen, zitbank,â€¦);De verkeerssituatie;;;;;;Positief;0,75;Verhuizen;0,656;0,778;0,662;0,742;Man;25 tot 39 jaar;50/50;
Adamstraat /  Geraardsbergen;2020;Centraal gelegen in het centrum, alles is bereikbaar binnen wandelafstand : winkels, scholen, station.  Iets gaan eten of drinken kan te voet.  Drukke, doch leefbare straat.  Zondagse rust !  Op termijn deel van de verfraaiingswerken in het kader van het masterplan Stationsomgeving.;Aangename centrumstraat.;Ik raad het eerder aan om in deze straat te komen wonen;;;;;;;De bereikbaarheid van voorzieningen (school, winkels, recreatie, â€¦);Positief;0,71;Niet verhuizen;0,46;0,69;0,66;0,594;Man;40 tot 64 jaar;75/25;
Adamstraat /  Geraardsbergen;2021;De respondent koos ervoor om zijn verhaal niet publiek te delen;Het begin van het leven ... de Adamstraat;Ik raad het eerder aan om in deze straat te komen wonen;;De verkeerssituatie;;;;;De bereikbaarheid van voorzieningen (school, winkels, recreatie, â€¦);Negatief;0,99;Niet verhuizen;0,298;0,164;0,276;0,114;Man;40 tot 64 jaar;75/25;
Adamstraat /  Geraardsbergen;2022;Niet komen, wegens te druk;De drukste straat van de stad;Ik raad heel erg af om in mijn straat te komen wonen;;De verkeerssituatie;;;;;;Positief;0,3;Niet verhuizen;0,46;0,62;0,57;0,42;Man;+65 jaar;75/25;
Admiraal De Boisotstraat /  Antwerpen;2020;Toffe buren.;Vriendenstraat;Ik raad het eerder aan om in deze straat te komen wonen;;;De sociale contacten & activiteiten;;;;De bereikbaarheid van voorzieningen (school, winkels, recreatie, â€¦);Geen uitgesproken gevoel;0,80464524;Niet verhuizen;0,46;0,62;0,57;0,42;Man;40 tot 64 jaar;50/50;
Admiraal De Boisotstraat /  Antwerpen;2021;Rustige straat in een bruisende culturele buurt waar nog hart wordt gewerkt aan de (her)aanleg van parken en straten. De buren zeggen nog dag tegen elkaar. De winkel is om de hoek en de terrasjes laten ons genieten.De auto staat nog te centraal en staat in voor sluipverkeer en veroorzaakt weekendfiles en parkeerproblemen voor bewoners.;Een dorpje in de stad.;Ik raad het eerder aan om in deze straat te komen wonen;;De verkeerssituatie;De sociale contacten & activiteiten;;;;;Positief;0,5;Niet verhuizen;0,34;0,55;0,46;0,41;Vrouw;40 tot 64 jaar;75/25;
Admiraal de Boisotstraat /  Antwerpen;2022;Een aangename straat door de sfeer tussen buren, met sommige heb je direct contact, anderen houden zich meer afzijdig maar in het algemeen is het makkelijk om hier mensen te leren kennen of om hulp te vragen.   Daarnaast is er de ligging: midden in een buurt vol horeca (terrassen, koffiehuizen, bistro's, cafÃ©'s, restaurants, â€¦)  en kunst (museums, galeries, â€¦) en makkelijke verkeersverbindingen (tramlijnen, busroutes, velo-stations, nabijheid oprit autosnelweg). Verschillende speeltuinterreintjes, de vele scholen, de tuin (in aanleg) rond het museum KMSKA maken het ook kind- en mensvriendelijker. Gek genoeg hebben we in onze stadstuin quasi geen last van grote achtergrond ruis aan stadsgeluiden (verkeer in de straten en op de ring, overvliegende vliegtuigen, â€¦)   Nadelig zijn de steeds stijgende woningprijzen. Het lijkt voor vele jonge gezinnen onmogelijk om hier een woning te vinden.   We weten ook niet hoe de buurt verder zal veranderen als de grote ruimte op de gedempte zuiderdokken gerenoveerd is en als onze straat heraangelegd word met bomen en parkeervakken. Noch wat het effect is van de nieuwe tuin rond het museum die nu ook nog in opbouw is. Zal dat veel mensen van buiten de buurt lokken? Momenteel is er veel overlast door het restvuil dat feestvierder achterlaten op het nabije plein voor het museum, hopelijk verdwijnt dat post-corona.     ;Een aangename maar dure straat in een levendige stadsbuurt;Ik raad het eerder aan om in deze straat te komen wonen;;;De sociale contacten & activiteiten;;;;De bereikbaarheid van voorzieningen (school, winkels, recreatie, â€¦);Positief;0,55;Niet verhuizen;0,354;0,734;0,692;0,596;Man;+65 jaar;50/50;
Aerschotstraat /  Sint-Niklaas;2020;De buurtwerking is hier heel goed georganiseerd, wat een aangename en verzorgende omgeving brengt. Maar aan de infrastructuur van de straat kan er nog veel verbeteren. Zo is de straat gelegen in een zone 30, is ze kaarsrecht zonder zijstraten van rechts waardoor er flink doorgereden wordt. Dus als je overweegt te verhuizen, wacht tot hopelijk de snelheidsremmers geplaatst worden en de straat een update gekregen heeft.;Voor sfeer en ligging een dikke ...voor leefbaarheid een magere ..;Ik raad het eerder af om in deze straat te komen wonen;De infrastructuur / inrichting van de straat;De verkeerssituatie;;;;;;Negatief;0,14267111;Geen mening;0,18;0,56;0,31;0,17;Man;40 tot 64 jaar;75/25;
Aerschotstraat /  Sint-Niklaas;2021;Er is onvoldoende parkeergelegenheid. Zeker s avonds als je terugkomt van je werk. Boetes worden bij de minste gelegenheid uitgeschreven (wonen dan ook vlak bij politiebureau) ... om boodschappen uit te laden krijg je al mondelinge opmerkingen als je op straat staat... veel straatlawaai, en heel veel afval dumping aan de glascontainer(wordt wel snel opgeruimd);Geen parkeergelegenheid!!!;Ik raad heel erg af om in mijn straat te komen wonen;De infrastructuur / inrichting van de straat;;;;Omgevingsfactoren door mensen veroorzaakt (geluid, geur, afval, â€¦);;;Negatief;0;Verhuizen;0,192;0,514;0,308;0,222;Vrouw;40 tot 64 jaar;75/25;
Aerschotstraat /  Sint-Niklaas;2022;Lekker centraal en overal dichtbij.;Het hart van de stad;Ik raad het eerder aan om in deze straat te komen wonen;;;;;;;De bereikbaarheid van voorzieningen (school, winkels, recreatie, â€¦);Negatief;0,99;Niet verhuizen;0,38;0,38;0,3;0,26;Vrouw;40 tot 64 jaar;75/25;
Albert Dineurlaan /  Schoten;2020;Een schijnbaar rustige straat dichtbij het centrum van Schoten, maar in de praktijk is de straat vrij druk geworden met autoverkeer. Daarnaast verwarmen mensen in de buurt meer dan mij lief is met hout, wat geen bijdrage levert aan een gezonde leefomgeving. Ik zou mensen die - zoals ik - een rustige en gezonde leefomgeving zoeken toch aanraden om 2x na te denken voor ze in mijn straat komen wonen.;Schijnbare rust;Ik raad het eerder af om in deze straat te komen wonen;;De verkeerssituatie;;;Omgevingsfactoren door mensen veroorzaakt (geluid, geur, afval, ...);;;Negatief;0,67288846;Verhuizen;0,63;0,51;0,48;0,47;Man;25 tot 39 jaar;75/25;
Albert Dineurlaan /  Schoten;2021;Ik woon in een aangename, mooie ,groene straat.Ze ligt op wandelafstand van scholen, winkels en de dorpskern.Er wonen lieve, behulpzame buren.Vroeger werd er jaarlijks een boerenmarkt en rommelmarkt georganiseerd.Dat was een gezellige en zeer succesvolle bedoening .Hopelijk neemt een van de nieuwe jonge buren het initiatief om het evenement terug te organiseren.  Omdat onze straat de enige in de omgeving is zonder verkeersremmers wordt ze gebruikt als sluipweg.Hetis er echter nog wel rustig en ik heb niet de indruk dat er vaak te snel gereden wordt.  Sommige buren vinden het er verkeersonveilig omdat het geen erg brede laan is , zonder fiets- of voetpaden .  Onze wijkvereniging stelt alles in het werk om hier een oplossing voor te vinden.  Ik woon graag in onze straat en ik ben zeker niet de enige!  ;Mooie,groene laan.;Ik raad het heel erg aan om in deze straat te komen wonen;De infrastructuur / inrichting van de straat;;;;;;De bereikbaarheid van voorzieningen (school, winkels, recreatie, â€¦);Positief;0,85;Niet verhuizen;0,644;0,55;0,75;0,642;Vrouw;+65 jaar;75/25;
Albert Dineurlaan /  Schoten;2022;De straat geeft de indruk rustig te zijn maar is dat â€˜s morgens en â€˜s avonds niet. Door die prachtige uitvinding WAZE is ze een sluipweg geworden. Dat is reeds aangekaart bij de hogere instanties maar zonder gevolg. Verder gaat de straatverlichting uit van 23 uur tot 6 uur â€˜s ochtends. Hetgeen het gevaar voor inbraak uiteraard in de hand werkt. Misschien beter in een verlichte drukke verbindingsweg gaan wonen?;Schijn bedriegt!;Ik raad het eerder af om in deze straat te komen wonen;;De verkeerssituatie;;Het (on)veiligheidsgevoel;;;;Positief;0,75;Niet verhuizen;0,38;0,56;0,35;0,23;Man;+65 jaar;75/25;
Alfons Braeckmanlaan /  Sint-Amandsberg;2020;Opgelet veel sluipverkeer;Geen;Ik raad het eerder af om in deze straat te komen wonen;De infrastructuur / inrichting van de straat;De verkeerssituatie;;;;;;Negatief;0,004546067;Niet verhuizen;0,35;0,28;0,33;0,13;Vrouw;+65 jaar;50/50;
Alfons Braeckmanlaan /  Sint-Amandsberg;2021;Is landelijk gelegen. Langs 1 kant staan huizen, de andere kant landbouwgrond en weiden.  Ligt evenwijdig met de Antwerpsesteenweg en wordt gebruikt als sluipweg.  Is niet breed genoeg opdat de autoâ€™s elkaar kunnen kruisen dus zijkant vol met putten.  Er is geen fietspad ook geen voetpad.;Blijf weg uit mijn straat;Ik raad heel erg af om in mijn straat te komen wonen;;De verkeerssituatie;;;Omgevingsfactoren door mensen veroorzaakt (geluid, geur, afval, â€¦);;;Negatief;0;Niet verhuizen;0,298;0,164;0,276;0,114;Vrouw;+65 jaar;75/25;
Alfons Braeckmanlaan /  Sint-Amandsberg;2022;Niet komen, teveel sluitverkeer;Landelijke weg met veel sluipverkeer. ;Ik raad het eerder af om in deze straat te komen wonen;De infrastructuur / inrichting van de straat (stoep, bomen, zitbank,â€¦);De verkeerssituatie;;;;;;Positief;0,45;Niet verhuizen;0,734;0,6;0,528;0,674;Vrouw;+65 jaar;75/25;
Alfred Oststraat /  Zwijndrecht;2020;Vlak bij openbaar vervoer (voorlopig nog), sluipweg, discounters vlakbij, nog een paar zware jaren voor de boeg door Oosterweelwerken, fijnstofkampioen. Betaalbaar, veilig, relatief rustig.;mixed feelings;Ik raad het eerder af om in deze straat te komen wonen;;De verkeerssituatie;;;;;De bereikbaarheid van voorzieningen (school, winkels, recreatie, â€¦);Geen uitgesproken gevoel;0,47007903;Geen mening;0,38;0,56;0,35;0,23;Man;40 tot 64 jaar;100/0;
Alfred Oststraat /  Zwijndrecht;2021;"Sinds Oosterweelwerken (die nog jaren doorgaan) en het sluiten van een op- en afrit in Zwijndrecht, is deze straat een snelweg geworden voor (zwaar) vracht- en werfverkeer.  waar je voordien enkel 's morgens vroeg en in de avondspits wat last had van kleine file vanwege sluipverkeer (afrit Zwijndrecht naar oprit L.O.) kan je nu de hele dag ""genieten"" van druk verkeer dat regelmatig gevaarlijke situaties veroorzaakt....";De teloorgang van een rustige woonstraat...;Ik raad heel erg af om in mijn straat te komen wonen;;De verkeerssituatie;;;;;;Negatief;0,11;Geen mening;0,25;0,464;0,268;0,146;Man;40 tot 64 jaar;100/0;
Alfred Oststraat /  Zwijndrecht;2022;Pro:  Dicht bij openbaar vervoer en aansluiting stad Antwerpen.  Dicht bij supermarkten.    Contra:  Sinds Oosterweel van start is gegaan en op- en afrit geschrapt/aangepast is straat veranderd in vrachtwagensnelweg waar deze voordien een aangename rustige woonstraat was...  Levensgevaarlijk als fietser  zeker niet aan te raden met kleine kinderen: buiten spelen is taboe!;Hoe een aangename woonstraat veranderde in een vrachtwagensnelweg;Ik raad heel erg af om in mijn straat te komen wonen;De infrastructuur / inrichting van de straat (stoep, bomen, zitbank,â€¦);De verkeerssituatie;;;;;;Geen uitgesproken gevoel;0,3;Verhuizen;0,38;0,56;0,35;0,23;Man;40 tot 64 jaar;100/0;
Amerikalei /  Antwerpen;2020;Positief: bomen voor de deur en Zone 30 op de Ventweg. Op de hoofdbasn zone 50 Veel plaats voor fietsers. Hele brede  straat dus geen inkijk van de overburen.Negatief: veel te veel autoâ€™s die door de lichten regeling  steeds alle voorrang krijgen. Er wordt gemiddeld zeker 80/u gereden waardoor er ook veel geluidsoverlast is. Geen flitspalen of borden ter herhaling van zone 50. Het geeft mij de indruk dat de overheid de overdreven snelheid hierdoor aanmoedigt.;Op de Leien wonen ook mensen.;Ik raad het eerder af om in deze straat te komen wonen;De infrastructuur / inrichting van de straat;De verkeerssituatie;;;;;;Negatief;0,013274336;Niet verhuizen;0,38;0,38;0,3;0,26;Vrouw;40 tot 64 jaar;100/0;
Amerikalei /  Antwerpen;2021;Om ze te overtuigen: brede straat met bomen, fietspaden, ventweg en snel in- of uit de stad. Aangename buurt.  Minpunt: er wordt bewust nagelaten om de Max snelheid aan te geven waardoor de gemiddelde snelheid  veel te hoog ligt en de verkeerslichten staan afgesteld in functie van de auto.s. Door de te hoge   snelheid veel lawaai en geurhinder( ongezond wonen).;Op de Leuen wonen ook mensen.;Ik raad het eerder aan om in deze straat te komen wonen;;De verkeerssituatie;;;Omgevingsfactoren door mensen veroorzaakt (geluid, geur, afval, â€¦);;;Gemengd gevoel;0,37;Niet verhuizen;0,276;0,544;0,172;0,358;Vrouw;40 tot 64 jaar;100/0;
Amerikalei /  Antwerpen;2022;Het is een heel brede straat met een zone 50 en een ventweg zone 30. Bomen, brede voetpaden en fietspaden. Tram in het midden van de brede straat. Dus redelijk positief.  Nadelig is het drukke verkeer maar het wordt aanzien als een invalsweg en er is veel sluipverkeer.  Om de straat over te steken moet je veel geduld hebben en steeds in 2 keer aangezien je zelf de knopjes moet bedienen en wachten â€¦wachten.. oranj, rood,  en dan wordt er nog doorgereden dus steeds heel goed opletten.  Een aanpassing van de infrastructuur zoals bvb in de Jan Van Rijswijcklaan zou het veel aangenamer kunnen makenâ€¦ herhalingsborden 50 km en flitspalen die werken vanaf 52km.  Oversteektijd verlengen en kortere wachttijd voor groen, dit zou mijn inziens toch wel automatisch mogen anno 2022 vanaf er fietsers of voetgangers aankomen ipv altijd op de knopjes te moeten drukken.  Op de ventwegen zijn nu markeringen aangebracht dat fietsers in beide richtingen mogen, aangezien het merendeel van de chauffeurs het verkeersbord niet kent of heeft gezien.  De roetafzetting op de gevel en deur/ramen zal zeker niet gezond zijn en het drukke dalende vliegverkeer geeft veel geluidsoverlast.  Al bij al is het een aangename straat maar het leven speelt zich vooral achteraan afâ€¦ met een stoeltje aan de voorkant zitten zou ongezond zijnâ€¦De Leien,     ;De Leien, een mooie boulevard, maar er wonen ook mensen;Ik raad het eerder aan om in deze straat te komen wonen;De infrastructuur / inrichting van de straat (stoep, bomen, zitbank,â€¦);De verkeerssituatie;;;;;;Positief;0,55;Niet verhuizen;0,106;0,3;0,454;0,25;Vrouw;40 tot 64 jaar;100/0;
Antoon Van Dyckstraat /  Gentbrugge;2020;Goede samenhang tussen de buren, verschillende initiatieven in de straat ter bevordering van de sfeer in de straat. Kleine straat, geen zwaar vervoer in de straat.;Kleine straat;Ik raad het eerder aan om in deze straat te komen wonen;;De verkeerssituatie;De sociale contacten & activiteiten;;;;;Positief;0,4921611;Niet verhuizen;0,38;0,68;0,76;0,61;Man;40 tot 64 jaar;75/25;
Antoon Van Dyckstraat /  Gentbrugge;2021;/;Verhaal zonder titel;Ik heb geen uitgesproken mening;;;;;;;De bereikbaarheid van voorzieningen (school, winkels, recreatie, â€¦);Geen uitgesproken gevoel;0,3;Niet verhuizen;0,37;0,68;0,61;0,64;Vrouw;40 tot 64 jaar;25/75;
Antoon Van Dyckstraat /  Gentbrugge;2022;het is een vrij rustige straat, weinig geluidsoverlast, want het is geen verbindingsweg. Er wonen veel jonge mensen met kinderen en ook met sommige oudere buren is er een fijn contact.  Er wordt veel buiten gespeeld. In de zomer is het speelstraat.;welkom :-);Ik raad het eerder aan om in deze straat te komen wonen;;De verkeerssituatie;De sociale contacten & activiteiten;;;;;Positief;0,2607422;Niet verhuizen;0,13;0,49;0,62;0,52;Vrouw;25 tot 39 jaar;100/0;
Appelstraat /  Borgerhout;2020;"Best wel veel jonge gezinnen met kinderen, paar fijne buren die concrete projecten ondernemen om verbinding te doen ontstaan. Er wordt soms wel erg snel gereden / geracet. Straat ligt er ondanks regelmatige poetsbeurt vaak vuil bij.";Borgerrio;Ik raad het eerder aan om in deze straat te komen wonen;;De verkeerssituatie;De sociale contacten & activiteiten;;;;;Gemengd gevoel;0,3046611;Niet verhuizen;0,21;0,38;0,3;0,33;Man;40 tot 64 jaar;25/75;
Appelstraat /  Borgerhout;2021;Sinds er een aantal veranderingen zijn doorgevoerd in de omliggende straten is de Appelstraat helaas een sluipweg naar de Singel en de Plantin en Moretuslei toe geworden. De straat is dus veel drukker geworden en er wordt te snel gereden. Een groepje bewonders doet zijn best om er met geveltuintjes, beplanting van boomspiegels, deelnemen aan lentepoets enzovoort iets van te maken, maar eigenlijk is de straat te druk om dit echt te doen slagen. Bovendien zijn er plannen om in de buurt een groot complex met onder andere appartementen en een supermarkt te bouwen. Hiertegen is verzet van de buren uit de omliggende straten maar als dat er komt gaat de verkeersdruk nog toenemen. Onze straat zou een fijne woonstraat kunnen zijn met een ideale ligging, maar dan zou het sluipverkeer efficiÃ«nt geweerd moeten worden Ã©n er zou wat moeten gedaan worden aan de snelheid waarmee de auto's door de straat razen. ;Onze straat is een sluipweg geworden;Ik raad het eerder af om in deze straat te komen wonen;;De verkeerssituatie;;;;;;Negatief;0,54;Niet verhuizen;0,276;0,41;0,344;0,41;Vrouw;40 tot 64 jaar;25/75;
Appelstraat /  Borgerhout;2022;"niet overtuigen : te druk , een echte doorgangsstraat...ook wordt er te snel gereden....  2 scholen en  de roma is van het ""goede "" teveel.  parkeerdruk...., zwerfvuil... , geen samenhorigheid....nauwelijks contact en zeer oppervlakkig...  geen initiatieven om aan bv zwerfvuil en sluikstorten iets te doen......  ";van een leefbare straat naar onleefbaar tenzij je tuin.....;Ik raad heel erg af om in mijn straat te komen wonen;;De verkeerssituatie;;;Omgevingsfactoren door mensen veroorzaakt (geluid, geur, afval, â€¦);;;Gemengd gevoel;0,89;Verhuizen;0,49;0,47;0,5;0,22;Man;+65 jaar;25/75;
Archimedeslaan /  Edegem;2020;Niet komen wonen, veel verkeer, weinig parkeergelegenheid voor de bewoners;Archimedes;Ik raad het eerder af om in deze straat te komen wonen;;De verkeerssituatie;;;;;;Positief;0,107027;Geen mening;0,39;0,31;0,62;0,2;Man;40 tot 64 jaar;50/50;
Archimedeslaan /  Edegem;2021;Onze straat is de laatste op het grondgebied Edegem, op de grens met Kontich.  Daardoor wordt de straat al te graag gebruikt als sluikweg voor wie het centrum wil vermijden. Behoorlijk druk met momenten!  Maar, doordat de eengezinswoningen een tuin zuidwaarts gericht hebben is het aangenaam vertoeven in de tuin met zicht op de groene Edegemse beekvallei, die hopelijk voor altijd deel zal uitmaken van de open ruiten in de Zuidrand van Antwerpen.  Helaas hebben wij veel geluidshinder van de E19, vooral bij westen en zuidwestenwind.  Scholen zijn dichtbij, supermarkten zijn met de fiets bereikbaar en openbaar vervoer naar Antwerpen is geen probleem.;Aan de rand van de mooie groene Zuidrand.;Ik raad het eerder aan om in deze straat te komen wonen;;De verkeerssituatie;;;Omgevingsfactoren door mensen veroorzaakt (geluid, geur, afval, â€¦);;;Geen uitgesproken gevoel;0,16;Niet verhuizen;0,332;0,412;0,332;0,258;Vrouw;+65 jaar;75/25;
Archimedeslaan /  Edegem;2022;De straatkant aan de zijde van Kontich geeft nog een mooi, groen en rustig gevoel in de tuinen van de Ã©Ã©n gezinswoningen... ware het niet dat de E19 vreselijk veel geluidshinder veroorzaakt. Zo erg dat het vaak onmogelijk wordt om met het raam open te slapen, en zoals we allen weten is een rustige nacht belangrijk voor de gezondheid. De geurhinder vanuit het westen (Hoboken/ Wilrijk verbrandingsoven) is er niet constant, maar Hansen Transmission of hoe deze fabriek ook heet tegenwoordig, bezorgt geregeld een walm van (oververhitte?) oliegeur.   Het lawaai van feesten op de sportvelden en 3 weekeinden in juli Tomorrowland moeten we er helaas bijnemen.  Doordat onze straat afhelt vanaf de Kontichstraat 'vliegen' er hier nogal wat snelheidsduivels voorbij. Omgekeerd geven gelijkaardige lui vertrekkend van onderaan in de straat, behoorlijk wat gas om de 'helling' op te geraken. De 30 km/uur in woonzone wordt hier niet gerespecteerd. Er zijn immers ook geen hindernissen meer op het rechtlijnige stuk van de straat.   Kinderen kunnen hier echt niet op straat niet om te spelen niet om te fietsen. Gelukkig is er een speelpleintje aan de August Coolslaan. Ergens onderweg zou een zitbank niet misstaan. Dat zou gerust kunnen in de voortuintjes van de appartementsblok want daar staan toch niet veel planten. Het contact met overburen is minimaal, wat zitplekjes in de straat zou hier wat verandering in kunnen brengen. Zo is er ook een weinig gebruikte parking onderaan de straat waar zeker wat beton weg zou kunnen en vervangen worden door groen en enkele banken. Enkele fietsstallingen aan de kant van het appartementsgebouw zouden de bewoners misschien stimuleren om wat meer de fiets te nemen en hun fietsen op een ordentelijke manier te stallen.;Slaapstraat, voor verbetering vatbaar.;Ik heb geen uitgesproken mening;De infrastructuur / inrichting van de straat (stoep, bomen, zitbank,â€¦);De verkeerssituatie;;;;;;Positief;0,34;Niet verhuizen;0,38;0,56;0,35;0,23;Vrouw;+65 jaar;100/0;
Audenhovenlaan /  Boortmeerbeek;2020;dKom er niet wonen,teveel sluipverkeer,lawaai of zelfs verkeersagressie.;Straat of autosnelweg?;Ik raad heel erg af om in mijn straat te komen wonen;De infrastructuur / inrichting van de straat;De verkeerssituatie;;;;;;Negatief;0;Verhuizen;0,102;0,306;0,35;0,104;Man;40 tot 64 jaar;100/0;
Audenhovenlaan /  Boortmeerbeek;2021;Heel drukke straat. Moest je hier komen wonen zie dat je slaapkamers achteraan zich bevinden anders kan het verkeer je wakker houden. Deze straat is Ã©Ã©n van de drukste straten in Boortmeerbeek. Op zich kan deze straat wat verkeer aan. Toekomstgericht zal deze straat aanleiding geven tot meer file vorming. Voornamelijk de overgang naar het dorp en de Tobackstraat kunnen deze verkeersdrukte niet aan. De situatie is hier onveilig.;Audenhovenlaan = ring van T stad;Ik raad het eerder af om in deze straat te komen wonen;;De verkeerssituatie;;;Omgevingsfactoren door mensen veroorzaakt (geluid, geur, afval, â€¦);;;Negatief;0,5;Niet verhuizen;0,28;0,324;0,402;0,332;Vrouw;40 tot 64 jaar;100/0;
Audenhovenlaan /  Boortmeerbeek;2022;Ik zou het niet stimuleren. Wij wonen aan een drukke straat, gelukkig hebben wij achter onze tuin nog wat bos en 'moerasgebied' dat voorlopig nog onaangetast blijft.   De straat wordt ook alsmaar drukker. Het verkeer aan de school - in een straat parallel aan de onze - wordt sinds kort omgeleid, zodat al dat verkeer nu ook door onze straat moet passeren. Ook zwaar verkeer dendert hier door de straat - een verbindingsweg met het centrum en doorgangsweg naar Haacht, Rijmenam, Keerbergen... De snelheidsbeperking van 50 km per uur wordt niet gerespecteerd. Bovendien is er onlangs een brasserie geopend aan de overkant. Nu de maatregelen versoepelen zal dat binnenkort ook wel voor wat verkeer zorgen.   De situatie bemoeilijkt ook het contact met de buren. De drukke straat verdeelt de straat echt in twee. Het is ook niet zo aangenaam om aan de straat te staan babbelen.        ;Iets in de aard van : Geen aandacht van de gemeente voor toenemend verkeer;Ik raad het eerder af om in deze straat te komen wonen;;De verkeerssituatie;De sociale contacten & activiteiten;;;;;Negatief;0,04;Geen mening;0,106;0,3;0,454;0,25;Vrouw;40 tot 64 jaar;100/0;
Ballaarstraat /  Antwerpen;2020;De Ballaarstraat is op de eerste plaats een erg mooie straat. Er zijn vrijwel geen vervallen gebouwen of voorpanden. De meeste bewoners zijn ook gezinnen met jonge kinderen. Dat zorgt er (onder andere) voor dat het een overwegend rustige straat is: bijvoorbeeld geen dronken studenten die 's nachts lawaai maken, wel spelende kinderen.  Dat wil niet zeggen dat de straat niet levendig en divers is. Ook hebben verschillende buren initiatieven opgezet om - zeker in tijden van corona - elkaar te helpen en te steunen. Sociale controle, maar niet te veel dus. Ten slotte ligt de Ballaarstraat op fietsafstand van zowel het stadscentrum van Antwerpen als dat van Berchem: ideaal dus.;Kom gezellig naar de Ballaarstraat!;Ik raad het heel erg aan om in deze straat te komen wonen;;;De sociale contacten & activiteiten;Het (on)veiligheidsgevoel;;;;Positief;0,5783098;Verhuizen;0,47;0,78;0,76;0,67;Vrouw;16 tot 24 jaar;0/100;
Ballaarstraat /  Antwerpen;2021;Leuke straat qua buren, minder leuk qua mensvriendelijkheid, te veel geparkeerde wagens, te weinig groen, te weinig fietsruimte;En nadien wordt alles aangepast;Ik raad het eerder aan om in deze straat te komen wonen;De infrastructuur / inrichting van de straat;;De sociale contacten & activiteiten;;;;;Positief;0,19484793;Niet verhuizen;0,11;0,47;0,53;0,28;Vrouw;40 tot 64 jaar;0/100;
Ballaarstraat /  Antwerpen;2022;Onze straat is heel goed gelegen, met heel veel winkels en scholen in de buurt en buren die echt wel contact hebben met elkaar.;Toffe buurt;Ik raad het eerder aan om in deze straat te komen wonen;;;De sociale contacten & activiteiten;;;;De bereikbaarheid van voorzieningen (school, winkels, recreatie, â€¦);Positief;0,37173867;Niet verhuizen;0,4;0,59;0,52;0,29;Vrouw;40 tot 64 jaar;0/100;
Cogels-Osylei /  Berchem;2020;Pro: Ik vind mezelf een gelukzak om hier te kunnen wonen. Het is een straat met prachtige huizen en grote tuinen. De straat maakt deel uit van een gezellige wijk die in de stad ligt. Dus het gevoel van in een dorp in de stad te wonen. Wij hebben aangename buren die niet de deur bij elkaar platlopen wat ik zeer ok vind. De verkeerssituatie is niet goed. Contra: Het wegdek laat niet toe om er veilig op te fietsen, op de stoep moet je ook uitkijken om niet te vallen. En er komen veel te veel bussen door de straat, die m.i. ook de oorzaak zijn van het slechte wegdek. Zij duwen de kasseien uit elkaar.Maar de pro is veel sterker dan contra!;Dorp in de stad;Ik raad het heel erg aan om in deze straat te komen wonen;;;De sociale contacten & activiteiten;;;;De bereikbaarheid van voorzieningen (school, winkels, recreatie, â€¦);Positief;0,6289696;Niet verhuizen;0,66;0,72;0,47;0,58;Vrouw;40 tot 64 jaar;25/75;
Cogels-Osylei /  Berchem;2021;Gezellige buren.   Leuke huizen.  Te veel verkeer.   Te veel bussen.  Zeer slechte wegdek.  Geen fietspaden.;Neglect door de stad;Ik heb geen uitgesproken mening;De infrastructuur / inrichting van de straat;De verkeerssituatie;;;;;;Positief;0,7;Niet verhuizen;0,522;0,604;0,172;0,288;Vrouw;40 tot 64 jaar;75/25;
Cogels-Osylei /  Berchem;2022;Het is zeker een van de mooiste straten om te wonen, maar het denderende openbaar vervoer is echt wel een nachtmerrie;De Lijn verpest de straat;Ik raad het eerder af om in deze straat te komen wonen;;De verkeerssituatie;;;;;;Gemengd gevoel;0,75;Niet verhuizen;0,106;0,3;0,454;0,25;Vrouw;40 tot 64 jaar;50/50;
Frans de Cortlaan /  Wilrijk;2020;min sluipverkeer  goede ligging uitvslswegen;voor en tegen;Ik raad het eerder aan om in deze straat te komen wonen;;;;;;;De bereikbaarheid van voorzieningen (school, winkels, recreatie, â€¦);Geen uitgesproken gevoel;0,23;Niet verhuizen;0,338;0,446;0,464;0,256;Vrouw;40 tot 64 jaar;75/25;
Frans de Cortlaan /  Wilrijk;2021;Leuke straat met toffe buren. Goede sfeer, jaarlijks straatfeest, veel kinderen ...  Wel veel verkeer ;Sfeer;Ik raad het heel erg aan om in deze straat te komen wonen;;De verkeerssituatie;De sociale contacten & activiteiten;;;;;Positief;0,19;Niet verhuizen;0,294;0,346;0,276;0,118;Man;25 tot 39 jaar;75/25;
Frans de Cortlaan /  Wilrijk;2022;Een leuke buurt. School, openbaar transport , winkels en grote invalswegen kort bij.    Vriendelijke buren , we hebben een goed contact. Een mix van alloctonen en verschillende leeftijdsgroepen       Minder : teveel sluipverkeerd die te snel rijden en zo de straat onveilig maken.;Toffe buurt ;Ik raad het eerder aan om in deze straat te komen wonen;;De verkeerssituatie;De sociale contacten & activiteiten;;;;;Gemengd gevoel;0,28;Niet verhuizen;0,35;0,54;0,364;0,164;Vrouw;+65 jaar;75/25;
Goudbergstraat /  Wevelgem;2020;Niet komen wonen. Veel te veel sluipverkeer - is een zone 30 en men rijdt er vÃ©Ã©l sneller... ook heel gevaarlijk om met uw fiets te rijden.;Sluipverkeerstraat...;Ik raad heel erg af om in mijn straat te komen wonen;;De verkeerssituatie;;Het (on)veiligheidsgevoel;;;;Negatief;0;Niet verhuizen;0,18;0,042;0,16;0,024;Man;40 tot 64 jaar;100/0;
Goudbergstraat /  Wevelgem;2021;Wij zijn een 15tal jaar geleden in de straat komen wonen. De Goudbergstraat was toen een erg rustige straat: mensen die er niet moesten zijn, passeerden niet de straat.     In de loop der jaren hebben we het verkeer echter zien toenemen. Onze straat wordt alsmaar meer een doorgangsstraat: heel veel bestuurders die naar Lauwe moeten, doen dit via onze straat. Op de piekuren is er soms geen doorkomen meer aan. Buiten de piekuren valt het verkeer goed mee.    De Goudbergstraat is perfect gelegen in het centrum en is een ideale uitvalsbasis om alles te voet of met de fiets te doen. Scholen, bibliotheek, zwembad,...: alles situeert zich in de buurt.;Qua locatie is de Goudbergstraat goud waard.;Ik raad het eerder aan om in deze straat te komen wonen;;De verkeerssituatie;;;;;De bereikbaarheid van voorzieningen (school, winkels, recreatie, â€¦);Gemengd gevoel;0,29;Geen mening;0,204;0,47;0,508;0,336;Vrouw;40 tot 64 jaar;100/0;
Goudbergstraat /  Wevelgem;2022;Positief:   - dicht bij het centrum  - buren zorgen beetje bij beetje voor meer groen in de straat, zoals geveltuintjes.  - de meeste mensen in de straat kennen elkaar.    Negatief:  - heel veel doorgaand verkeer  - geen afgebakende fietsstroken  - achtergrond-lawaai is mogelijk door school en jeugdbewegingen in de buurt  - Enkele malen per jaar worden er in de buurt wielerwedstrijden gehouden en dat wordt de straat of afgesloten of passeert al het verkeer door de straat.;Leuke straat met enkele beperkingen;Ik raad het eerder aan om in deze straat te komen wonen;;De verkeerssituatie;;;;;De bereikbaarheid van voorzieningen (school, winkels, recreatie, â€¦);Positief;0,59;Niet verhuizen;0,494;0,504;0,594;0,418;Man;40 tot 64 jaar;100/0;
Jan Breydelstraat /  Berchem;2020;Goede buren, parkeergelegenheid, eenrichtingsverkeer, goede bereikbaarheid, veel licht;Toekomstgericht;Ik raad het eerder aan om in deze straat te komen wonen;;;De sociale contacten & activiteiten;;;;De bereikbaarheid van voorzieningen (school, winkels, recreatie, â€¦);Positief;0,7173647;Geen mening;0,36;0,67;0,47;0,57;Man;25 tot 39 jaar;25/75;
Jan Breydelstraat /  Berchem;2021;Toffe straat met leuke buren, dichtbij openbaar vervoer, winkels en restaurants;Kom maar af;Ik raad het eerder aan om in deze straat te komen wonen;;;De sociale contacten & activiteiten;;;;De bereikbaarheid van voorzieningen (school, winkels, recreatie, â€¦);Geen uitgesproken gevoel;0,6415929;Niet verhuizen;0,27;0,58;0,31;0,44;Vrouw;40 tot 64 jaar;25/75;
Jan Breydelstraat /  Berchem;2022;Leuke buren. Toffe buurtwerking. Rustige straat. Veel parkeermogelijkheden. Dicht bij station en snelwegen. Je kan de ring vermijden om in Brussel te geraken. Dicht bij de binnenstad.;Ideale locatie in Antwerpen;Ik raad het eerder aan om in deze straat te komen wonen;;De verkeerssituatie;;;;;De bereikbaarheid van voorzieningen (school, winkels, recreatie, â€¦);Positief;0,5707965;Niet verhuizen;0,56;0,8;0,6;0,8;Man;25 tot 39 jaar;25/75;
Kasteellei /  Wijnegem;2020;De respondent koos ervoor om zijn verhaal niet publiek te delen;Rustig ;Ik raad het heel erg aan om in deze straat te komen wonen;De infrastructuur / inrichting van de straat (stoep, bomen, zitbank,â€¦);;;;;Omgevingsfactoren door het klimaat veroorzaakt (wateroverlast, hitte, wind, â€¦);;Gemengd gevoel;0,3;Niet verhuizen;0,37;0,68;0,61;0,64;Man;40 tot 64 jaar;100/0;
Kasteellei /  Wijnegem;2021;Dat ze rekening moeten houden met de fietsstraat en de drukte die ontstaat door sporthal, voetbal, petanqueclub, school en binnenkort scouts en chiro....;Vroeger beter dan nu;Ik heb geen uitgesproken mening;;De verkeerssituatie;;;Omgevingsfactoren door mensen veroorzaakt (geluid, geur, afval, â€¦);;;Negatief;0,56;Niet verhuizen;0,338;0,446;0,464;0,256;Man;40 tot 64 jaar;75/25;
Kasteellei /  Wijnegem;2022;We wonen in een fietsstraat. Zalig. In een vrij rustige, sociale, vriendelijke buurt, die leeft.;De zevenbunder;Ik raad het eerder aan om in deze straat te komen wonen;;De verkeerssituatie;De sociale contacten & activiteiten;;;;;Positief;0,3;Niet verhuizen;0,38;0,38;0,3;0,26;Vrouw;40 tot 64 jaar;100/0;
Kerkstraat /  Mortsel;2020;Een fijne buurt om te wonen. Erg centraal gelegen vlakbij het Fort en andere groene delen van Mortsel. Veilige buurt.Tijdens de spitsuren is dit zeker geen rustige straat, daarbuiten is er veel passage maar niet zoveel dat ik het als een drukke straat zou omschrijven. Af en toe een straatfeest. Sommige mensen zie je vaak, anderen weer helemaal niet.;kerkstraat;Ik raad het eerder aan om in deze straat te komen wonen;;;;Het (on)veiligheidsgevoel;;;De bereikbaarheid van voorzieningen (school, winkels, recreatie, â€¦);Positief;0,5529719;Niet verhuizen;0,76;0,63;0,56;0,56;Vrouw;25 tot 39 jaar;100/0;
Kerkstraat /  Mortsel;2021;Ondanks sluipverkeer toch een rustige straat in een groene omgeving, nabijheid van bushaltes, dicht bij op-en afritten van autostrade. Grote steden en luchthaven in straal van 20km.Kinderopvang,kl7euter-en lagere scholen op 300m,in de omgeving genoeg keuze van middelbare scholen, technische school, atheneum, katholieke school, school voor kinderen met beperking;Leefbare straat;Ik raad het heel erg aan om in deze straat te komen wonen;De infrastructuur / inrichting van de straat;;;;;;De bereikbaarheid van voorzieningen (school, winkels, recreatie, â€¦);Positief;0,34;Niet verhuizen;0,478;0,544;0,648;0,44;Vrouw;+65 jaar;75/25;
Kerkstraat /  Mortsel;2022;De respondent koos ervoor om zijn verhaal niet publiek te delen;groene straat;Ik raad het eerder aan om in deze straat te komen wonen;;;;;;;De bereikbaarheid van voorzieningen (school, winkels, recreatie, â€¦);Negatief;0,1;Niet verhuizen;0,38;0,56;0,35;0,23;Vrouw;+65 jaar;100/0;
Kerkstraat /  Sint-Lenaarts;2020;Goede buurtwerking;Iedereen kent iedereen;Ik raad het eerder aan om in deze straat te komen wonen;;;De sociale contacten & activiteiten;;;;;Positief;0,42964524;Niet verhuizen;0,53;0,47;0,45;0,45;Man;40 tot 64 jaar;100/0;
Kerkstraat /  Sint-Lenaarts;2021;Aangename straat, leuke buren die aan elkaar hangen.    Wel veel verkeer dat veel te snel rijdt en slechte kwaliteit wegdek;Wonen in de Kerkstraat;Ik raad het eerder aan om in deze straat te komen wonen;;;De sociale contacten & activiteiten;;;;De bereikbaarheid van voorzieningen (school, winkels, recreatie, â€¦);Positief;0;Niet verhuizen;0,36;0,674;0,63;0,202;Man;25 tot 39 jaar;100/0;
Klapperstraat /  Beveren-Waas;2020;Te grote verkeersdrukte;Van rustig naar druk;Ik raad het eerder af om in deze straat te komen wonen;;De verkeerssituatie;De sociale contacten & activiteiten;;;;;Negatief;0,28572407;Niet verhuizen;0,49;0,47;0,5;0,22;Man;+65 jaar;75/25;
Klapperstraat /  Beveren-Waas;2021;zeker niet doen , de ene na de andere gaat hier verhuizen !!!!;overlast verkeer , stank industrie , vuil , op 2 dagen tijd is ons terras vuil van zwart wat wat wij ook inademen , afval en vernietiging van omheining door gebruikers wassalon ,;Ik raad heel erg af om in mijn straat te komen wonen;;De verkeerssituatie;;;Omgevingsfactoren door mensen veroorzaakt (geluid, geur, afval, â€¦);;;Negatief;0;Geen mening;0,016;0,282;0,188;0,268;Vrouw;+65 jaar;100/0;
Klapperstraat /  Beveren-Waas;2022;Blijf er weg.  Gemeente heeft omliggende straten enkel richting gemaakt, goed voor hun.  Nu moet alle verkeer in de Klapperstraat passeren alles van Vrasene en alles wat Beveren wil verlaten.   Temp 29Â° in ons appartement, straatkant, als je die opend zit je zoals naast een autostrade ,de geur ,het lawaai, zeker van die kleine brommers die er rond scheuren. Je moet 't.v. kijken met een hoofdtelefoon op om iets te verstaan door het eeuwig duren geraas van de auto.  NOOIT 5MIN RUST , zelfs na middernacht nog niet.  Achterkant 100 jarige eiken bomen ,prachtig groene muur,  alles weg . Worden 3 woonblokken  100den vogels weg ..is daar niet meer leefbaar om 6u30 wordt je al uit Uw bed geklopt door de bouwwerf en de pomp dag en nacht .  overal wordt 30 per uur als norm ,maar bij ons moet het 50 blijven.   Vraag al 2 jaar om een auto tellen en snelheid te controleren, niet!!!   Als je geen politieke vriendjes heb gebeurt er niets.  Is enkel voor de elite van Beveren waas. ;De meest drukke straat waar je nooit rust hebt,je terras na 2 dagen zwart ziet van de vuiligheid in de lucht en dat ademen wij allemaal in, moorddadig. Zal weer zijn we wisten van niets.;Ik raad heel erg af om in mijn straat te komen wonen;;De verkeerssituatie;;;Omgevingsfactoren door mensen veroorzaakt (geluid, geur, afval, â€¦);;;Negatief;0;Geen mening;0,084;0,384;0,234;0,24;Vrouw;+65 jaar;100/0;
Louis Wanbecqstraat /  Deurne;2020;Wij wonen in een drukke doorrijstraat waar men constant de snelheidsbeperking tot 30km/uur niet respecteert. Dit brengt veel lawaai met zich mee en een gevaar voor fietsers en voetgangers, o.a. de leerlingen van de omliggende scholen. Onze straat is niet zo breed en daardoor parkeren auto's en  bestelwagens heel vaak op het voetpad. Gevolg: minder mobiele mensen moeten met rollator of scooter op de rijweg. Zij moeten dan ook nog rekening houden met de verlichtingspalen en met een gedeformeerd voetpad! Onze straat heeft ook Ã©Ã©nrichtingsverkeer, maar fietsers rijden vaak tegen de rijrichting. Gevolg: alweer een gevaarlijke situatie! Dit alles maakt dat er in onze straat veel drukte, lawaai, onveilige situaties en alles behalve rust te vinden is!Geen straat dus om aan te bevelen aan wie dan ook! Wij wonen hier al 40 jaar en in al die tijd is er geen enkele verandering, laat staan verbetering aangebracht! De Louis Wanbecqstraat is zonder meer de meest vergeten straat in heel Deurne!;De vergeten straat!;Ik raad heel erg af om in mijn straat te komen wonen;De infrastructuur / inrichting van de straat;De verkeerssituatie;;;;;;Negatief;0,014120566;Verhuizen;0,01;0,2;0,16;0,2;Vrouw;40 tot 64 jaar;50/50;
Louis Wanbecqstraat /  Deurne;2021;Overtuigen: Openbaar vervoer en winkels dichtbij. Dicht bij de stad en Rivierenhof. Straat met veel licht. Sociale blokken worden vernieuwd. Betaalbaar wonen (?)Niet overtuigen: veel verkeer en er wordt dikwijls te hard gereden, weinig sociale cohesie (geen of weinig contact met buren), vaak sluikstort en vuile aanblik. Weinig groen. Wegdek en trottoir in slechte staat.;straat met veel potentiÃ«el, maar dringend nood aan opwaardering.;Ik raad het eerder af om in deze straat te komen wonen;De infrastructuur / inrichting van de straat;;;;;;De bereikbaarheid van voorzieningen (school, winkels, recreatie, â€¦);Gemengd gevoel;0,5631071;Geen mening;0,07;0,35;0,19;0,23;Vrouw;25 tot 39 jaar;50/50;
Louis Wanbecqstraat /  Deurne;2022;De straat is niet ver van het stadscentrum. Ligt ook midden in Deurne, waardoor het Rivierenhof binnen wandelafstand is.Al bij al valt het verkeer in de straat mee.We kennen niet veel buurtbewoners, maar zeggen wel goeiedag.;rustig wonen in Deurne centrum;Ik heb geen uitgesproken mening;;De verkeerssituatie;;;;;De bereikbaarheid van voorzieningen (school, winkels, recreatie, â€¦);Geen uitgesproken gevoel;0,17290434;Niet verhuizen;0,18;0,46;0,3;0,27;Man;40 tot 64 jaar;50/50;
Nekkerspoelstraat /  Mechelen;2020;Ik zou het afraden. Ik vind de buurt en de stad ok, maar mijn straat is niet aangenaam.Te veel verkeer, te veel vrachtwagens en geen initiatief van de stad om het te verbeteren. Volgens de buren die hier al langer wonen, is het al jaren zo. Ik probeer ondertussen zelf contact te zoeken met de stad om verbetering te vragen. Het contact met de buren is wel vriendelijk. Wat dat betreft woon ik ok.Mijn huisje is wel super tof, mijn kleine oase.;Hoop doet leven;Ik raad het eerder af om in deze straat te komen wonen;De infrastructuur / inrichting van de straat;De verkeerssituatie;;;;;;Gemengd gevoel;0,009037121;Verhuizen;0,19;0,56;0,21;0,44;Vrouw;25 tot 39 jaar;75/25;
Nekkerspoelstraat /  Mechelen;2021;ik zou hem afraden er te komen wonen, de voornaamste reden is, teveel verkeer id straat, dagelijks rijden er honderden autos, bussen, motos, bromfietsen door de straat in beide richtingen.  Als fietser kan je een gemerkte oversteek vd baan maken, alleen het verkeer dat van links komt, kan de fietser opmerken, alle verkeer van rechts weet niet dat dit een oversteekplaats is.     Er wonen in deze buurt tamelijk veel  nieuwe belgen, wat op zich geen probleem is maar ze veroorzaken vrijveel ongemakken, slenterend huisvuil, sluikstorten en nachtlawaai.;niet altijd leuk;Ik raad het eerder af om in deze straat te komen wonen;;De verkeerssituatie;De sociale contacten & activiteiten;;;;;Negatief;0,49;Niet verhuizen;0,366;0,548;0,442;0,314;Man;+65 jaar;75/25;
Nekkerspoelstraat /  Mechelen;2022;De respondent koos ervoor om zijn verhaal niet publiek te delen;Niet voor zondagsfietsers;Ik heb geen uitgesproken mening;;De verkeerssituatie;De sociale contacten & activiteiten;;;;;Positief;0,24;Niet verhuizen;0,488;0,522;0,514;0,458;Vrouw;40 tot 64 jaar;75/25;
Pieter Nollekensstraat /  Kessel-Lo;2020;Een warme straat, betrokken buren, goede mengeling jong en oud, actief buurtleven met straatfeest,speelstraat, deelatelier, solidariteit als iemand iets overkomt, hulpvaardigheid, dagelijks klappen in Coronatijd,...;Een warme, betrokken woonstraat;Ik raad het heel erg aan om in deze straat te komen wonen;;;De sociale contacten & activiteiten;;;;;Positief;0,6978022;Niet verhuizen;0,39;0,81;0,87;0,67;Vrouw;40 tot 64 jaar;25/75;
Pieter Nollekensstraat /  Kessel-Lo;2021;* Veel sociaal engagement, toffe buurtsfeer  * Leuke initiatieven:  ** Speelstraten  ** Zomerse buurtbar met gepimpte caravan als bar  ** Deelatelier met talloze handige spullen (verkeersborden, aanhangwagen, hakselaar, partymateriaal,...)  ** Eigen deelauto systeem met 10-tal gezinnen  ** Eigen deelbakfiets met 6-tal gezinnen  ** Nieuwjaarsreceptie  * Leuke mix van verschillende leeftijden   * Goede straatwerking die op de hoogte is van verschillende initiatieven die gesponsord worden door het stad. (aanplant bomen, geveltuintjes, bloembakken)  * Twee geweldige muurschilderingen  * Op wandel- of fietsafstand van zowat alles: centrum Leuven, station en OV, supermarkten, scholen, doe-het-zelf winkels, park, sport, ...  * Toch rustig gelegen door straatknip en dus enkel lokaal verkeer  * Toch relatief grote tuinen voor zo dicht aan het station te wonen;Sharing is caring;Ik raad het heel erg aan om in deze straat te komen wonen;;;De sociale contacten & activiteiten;;;;De bereikbaarheid van voorzieningen (school, winkels, recreatie, â€¦);Positief;0,71;Niet verhuizen;0,484;0,748;0,718;0,69;Man;25 tot 39 jaar;25/75;
Pieter Nollekensstraat /  Kessel-Lo;2022;De respondent koos ervoor om zijn verhaal niet publiek te delen;De beste straat!;Ik raad het heel erg aan om in deze straat te komen wonen;;;De sociale contacten & activiteiten;;;;De bereikbaarheid van voorzieningen (school, winkels, recreatie, â€¦);Geen uitgesproken gevoel;0,83;Niet verhuizen;0,53;0,47;0,45;0,45;Man;40 tot 64 jaar;25/75;
Tervuursevest /  Leuven;2020;Houd rekening met lawaai de hele dag door, in de zomer ook tot ver na 24u van doorgaand verkeer, auto's maar ook zwaar vervoer. Soms donder je uit bed. Er zal zeker speciale beglazing nodig zijn en liefst ook rolluiken. Er is slechts parking aan 1 kant van de straat en soms moet je echt een plaatsje zoeken. Jammer genoeg is er weinig groen en de stoep is vaak in slechte staat.;Weet waar je aan begint;Ik heb geen uitgesproken mening;De infrastructuur / inrichting van de straat;De verkeerssituatie;;;;;;Negatief;0,14739099;Niet verhuizen;0,08;0,31;0,36;0,4;Vrouw;40 tot 64 jaar;100/0;
Tervuursevest /  Leuven;2021;Ik, 21 jaar oud, vind het extreem moeilijk om op het voetpad te lopen. De tegels staan scheef waardoor ik heel vaak struikel. Vaak staan er ook fietsen langs de huizen waardoor ik op het zeer smalle fietspad wandel - ook niet ideaal. Ook is het wegdek in redelijk slechte straat terwijl op zoveel andere plaatsen in Leuven de straten worden heraangelegd.     Ons gezin woont op de ring waardoor er veel verkeer voorbij komt en wanneer een vrachtwagen ons huis passeert voelen we ons huis schudden door de trillingen die veroorzaakt worden.     Ook ontbreekt er groen in onze straat waardoor de straat er niet zo heel gezellig uitziet. In de zomermaanden kan het enorm warm worden dus door wat groen te voorzien zou er een koeler microklimaat kunnen ontstaan waardoor het aangenamer is voor zowel voetganger, fietser als autobestuurder.      ;Wandelen op het fietspad;Ik raad het eerder af om in deze straat te komen wonen;De infrastructuur / inrichting van de straat;;;;;Omgevingsfactoren door het klimaat veroorzaakt (wateroverlast, hitte, wind, â€¦);;Gemengd gevoel;0,09;Verhuizen;0,056;0,262;0,404;0,292;Vrouw;16 tot 24 jaar;100/0;
Tervuursevest /  Leuven;2022;De overheid (AWV, ...) geeft in onze woonstraat geen prioriteit aan de woonfunctie.;Tweederangsburgers;Ik raad heel erg af om in mijn straat te komen wonen;De infrastructuur / inrichting van de straat;De verkeerssituatie;;;;;;Negatief ;0,11;Niet verhuizen;0,032;0,648;0,318;0,21;Man;40 tot 64 jaar;25/75;
Zomerlaan /  Zomergem;2020;leuke buren , en aan het drukke verkeer wen je vlug ! men voorziet een mobiliteitsstudie en de inwoners krijgen inspraak ! we wonen dicht bij de dorpskern .;leven in de straat !;Ik heb geen uitgesproken mening;;De verkeerssituatie;;;;;De bereikbaarheid van voorzieningen (school, winkels, recreatie, â€¦);Positief;0,44;Niet verhuizen;0,144;0,318;0,366;0,022;Vrouw;+65 jaar;100/0;
Zomerlaan /  Zomergem;2021;Hou je ervan om in een zone 30 te wonen waar meestal meer dan 50 wordt gereden? Geniet je ervan om vanaf 5u 's morgens uit jouw bed te trillen door voorbijrijdende vrachtwagens, zware tractoren en andere bestelwagens met losliggend materiaal in hun aanhangwagen? Dan is mijn straat the place to be!;Een snelweg als dorpskern;Ik raad heel erg af om in mijn straat te komen wonen;;De verkeerssituatie;;;Omgevingsfactoren door mensen veroorzaakt (geluid, geur, afval, â€¦);;;Negatief;0,23;Verhuizen;0,386;0,49;0,65;0,364;Man;40 tot 64 jaar;100/0;
Zomerlaan /  Zomergem;2022;Onze straat behoort tot een van de mooiste straten die naar de kerk leiden, de winkels en beetje verder de lagere school en middelbare school.  In het begin van de straat zijn er bomen langs beide kanten van de weg,  deze straat is het verlengde van een gelijke straat met bomen een fietspad en berm.  We hebben een fietspad tot ongeveer halfweg.  Er is ook een geasfalteerde berm tussen fietspad en rijbaan en een stukje open sloot.  De lijn heeft aan beide kanten een halte. De straat begint aan het bordje bebouwde kom en waar het fietspad eindigt kom je in de zone 30.  Een snelheidsmeter toont de auto's de snelheid waarmee de zone 50 binnen gereden wordt en parkeren kan niet altijd op het drukke dorpsplein.  Een aantal alternatieven zijn voorzien.    Jammer genoeg houden veel bestuurders zich niet aan de snelheid en met open raam op de kamer is er 's nachts tgv deze snelheidsduivels heel wat lawaai en heel wat opwaaiend stof. Bij begin en einduren van school komen best heel wat auto's voorbij.  In de vroege morgen komen  veel tractors met hoge snelheid voorbij.  Zwaar transport is relatief.   De bomen worden groot en zijn slecht onderhouden met veel dorre takken.  Een boom is sinds 2 jaar op het einde van zijn leven.  De open sloot met sterk bevuild slip wordt niet gereinigd.  Gemeente reageert op meldingen, maar alles blijft bij het oude.  Gescheiden riooleringen zijn er niet.  ;Mooi,  groene,  slecht onderhouden, drukke straat met kerkzicht ;Ik raad het eerder af om in deze straat te komen wonen;De infrastructuur / inrichting van de straat;;;;Omgevingsfactoren door mensen veroorzaakt (geluid, geur, afval, â€¦);;;Negatief;0,01;Niet verhuizen;0,488;0,522;0,514;0,458;Man;40 tot 64 jaar;100/0;